{   
    "name": "DAW/DAM DEV",
    "secrets": {"VERSION":{"description": "0.1.4"}},
    "dockerComposeFile": "docker-compose.yml",
    "service": "php-apache",
    "workspaceFolder": "/var/www/html",
    "settings": {
        "terminal.integrated.shell.linux": "/bin/bash"
    },
    "extensions": [
        "ms-python.python",
        "bmewburn.vscode-intelephense-client",
        "ecmel.vscode-html-css",
        "vscjava.vscode-java-pack",
        "xabikos.JavaScriptSnippets",
        "ms-vscode.live-server",
        "ms-azuretools.vscode-docker",
        "esbenp.prettier-vscode"
    ],
    "remoteUser": "root",
    "shutdownAction": "stopCompose"
}
